Workbook

Sheet DVP
A1: Estudo | B1: Amostras | C1: Acurácia_Antes_da_Intervenção | D1: Acurácia_01 % | E1: Acurácia_02 % | F1: Desvio_Padrão | G1: Redução % | H1: Estudo | I1: Amostras | J1: Acurácia_Antes_da_intervenção | K1: Acurácia_01 % | L1: Acurácia_02 % | M1: Desvio_Padrão | N1: Redução %
A2: Estudo 1 | B2: 10288 | C2: 81 | D2: 95 | E2: 98.26 | G2: -21.3 | H2: =A2 -> Estudo 1 | I2: 201 | K2: 70 | L2: 78
A3: Estudo 2 | B3: 1300000 | C3: 90.41 | E3: 96
A4: Estudo 3 | B4: 10616 | C4: 96.35 | E4: 96.91
A5: Estudo 4 | B5: 1030000 | C5: 99.03 | D5: 99.90 | E5: 99.99 | I5: Web of Science
A6: Estudo 5 | B6: 668 | C6: 83.5 | D6: 96.70 | E6: 96.71
A7: Estudo 6 | B7: 512 | D7: 90 | E7: 95
A8: Estudo 7 | B8: 60000 | D8: 85 | E8: 97
A9: Estudo 8 | B9: 668 | C9: 92 | D9: 98.97 | E9: 99.49
A10: Estudo 9 | B10: 656 | C10: 92 | D10: 98.97 | E10: 99.49
A11: Estudo 10 | B11: 6788 | D11: 72.42 | E11: 81.71
A12: Estudo 11 | B12: 1972 | C12: 86.34 | D12: 80 | E12: 84.92
A13: Estudo 12 | B13: 4027 | C13: 71.27 | E13: 84.87
A14: Estudo 13 | B14: 6000 | C14: 80 | D14: 99.58 | E14: 99.58
A15: Estudo 14 | B15: 1674 | C15: 87.94 | D15: 94.35 | E15: 94.98
A16: Estudo 15 | B16: 8667 | C16: 90.20 | D16: 93.52 | E16: 94.18
A17: Estudo 16 | B17: 192 | C17: 82.25 | D17: 98.53 | E17: 98.83
A18: Estudo 17 | B18: 856 | C18: 83.5 | D18: 85.5 | E18: 91.9
A19: Estudo 18 | B19: 603 | C19: 95 | D19: 95.15 | E19: 96.88
A20: Estudo 19 | B20: 668 | C20: 95 | D20: 91.89 | E20: 94.13
B22: IEEE

Sheet Efeito
A1: Estudo | B1: Amostras | C1: s | D1: d | E1: g | F1: SE | G1: ICmin (95%) | H1: ICmax (95%) | J1: d combinado | K1: g combinado | L1: Q | M1: I^2
A2: =DVP!A2 -> Estudo 1 | B2: =DVP!B2+DVP!I2 -> 10489 | C2: =SQRT(((DVP!B2-1)*DVP!#REF!+(DVP!I2-1)*DVP!L2)/(B2-2)) -> #REF! | D2: =(DVP!E2-DVP!K2)/C2 -> #VALUE! | E2: =D2*(1-3/(4*B2-9)) -> #VALUE! | F2: =1/SQRT(B2) -> 0.0097641166 | G2: =D2-1.96*F2 -> #VALUE! | H2: =D2+1.96*F2 -> #VALUE! | J2: =SUM((D2:D10)*(F2:F10)) -> #VALUE! | K2: =SUM((E2:E10)*(F2:F10)) -> #VALUE! | L2: =SUM((((D2:D11)-J2)^2)/(C2:C11)) -> #VALUE! | M2: =100*(L2-10-1)/L2 -> #VALUE!
A3: =DVP!A3 -> Estudo 2 | B3: =DVP!B3+DVP!#REF! -> #REF! | C3: =SQRT(((DVP!B3-1)*DVP!#REF!+(DVP!#REF!-1)*DVP!#REF!)/(B3-2)) -> #REF! | D3: =(DVP!E3-DVP!#REF!)/C3 -> #REF! | E3: =D3*(1-3/(4*B3-9)) -> #REF! | F3: =1/SQRT(B3) -> #REF! | G3: =D3-1.96*F3 -> #REF! | H3: =D3+1.96*F3 -> #REF!
A4: =DVP!A4 -> Estudo 3 | B4: =DVP!B4+DVP!#REF! -> #REF! | C4: =SQRT(((DVP!B4-1)*DVP!#REF!+(DVP!#REF!-1)*DVP!#REF!)/(B4-2)) -> #REF! | D4: =(DVP!E4-DVP!#REF!)/C4 -> #VALUE! | E4: =D4*(1-3/(4*B4-9)) -> #VALUE! | F4: =1/SQRT(B4) -> #REF! | G4: =D4-1.96*F4 -> #VALUE! | H4: =D4+1.96*F4 -> #VALUE!
A5: =DVP!A5 -> Estudo 4 | B5: =DVP!B5+DVP!#REF! -> #REF! | C5: =SQRT(((DVP!B5-1)*DVP!#REF!+(DVP!#REF!-1)*DVP!#REF!)/(B5-2)) -> #REF! | D5: =(DVP!E5-DVP!#REF!)/C5 -> #VALUE! | E5: =D5*(1-3/(4*B5-9)) -> #VALUE! | F5: =1/SQRT(B5) -> #REF! | G5: =D5-1.96*F5 -> #VALUE! | H5: =D5+1.96*F5 -> #VALUE!
A6: =DVP!A6 -> Estudo 5 | B6: =DVP!B6+DVP!#REF! -> #REF! | C6: =SQRT(((DVP!B6-1)*DVP!#REF!+(DVP!#REF!-1)*DVP!#REF!)/(B6-2)) -> #REF! | D6: =(DVP!E6-DVP!#REF!)/C6 -> #VALUE! | E6: =D6*(1-3/(4*B6-9)) -> #VALUE! | F6: =1/SQRT(B6) -> #REF! | G6: =D6-1.96*F6 -> #VALUE! | H6: =D6+1.96*F6 -> #VALUE!
A7: =DVP!A7 -> Estudo 6 | B7: =DVP!B7+DVP!#REF! -> #REF! | C7: =SQRT(((DVP!B7-1)*DVP!#REF!+(DVP!#REF!-1)*DVP!#REF!)/(B7-2)) -> #REF! | D7: =(DVP!E7-DVP!#REF!)/C7 -> #REF! | E7: =D7*(1-3/(4*B7-9)) -> #REF! | F7: =1/SQRT(B7) -> #REF! | G7: =D7-1.96*F7 -> #REF! | H7: =D7+1.96*F7 -> #REF!
A8: =DVP!A8 -> Estudo 7 | B8: =DVP!B8+DVP!#REF! -> #REF! | C8: =SQRT(((DVP!B8-1)*DVP!#REF!+(DVP!#REF!-1)*DVP!#REF!)/(B8-2)) -> #REF! | D8: =(DVP!E8-DVP!#REF!)/C8 -> #REF! | E8: =D8*(1-3/(4*B8-9)) -> #REF! | F8: =1/SQRT(B8) -> #REF! | G8: =D8-1.96*F8 -> #REF! | H8: =D8+1.96*F8 -> #REF!
A9: =DVP!A9 -> Estudo 8 | B9: =DVP!B9+DVP!#REF! -> #REF! | C9: =SQRT(((DVP!B9-1)*DVP!#REF!+(DVP!#REF!-1)*DVP!#REF!)/(B9-2)) -> #REF! | D9: =(DVP!E9-DVP!#REF!)/C9 -> #VALUE! | E9: =D9*(1-3/(4*B9-9)) -> #VALUE! | F9: =1/SQRT(B9) -> #REF! | G9: =D9-1.96*F9 -> #VALUE! | H9: =D9+1.96*F9 -> #VALUE!
A10: =DVP!A10 -> Estudo 9 | B10: =DVP!B10+DVP!#REF! -> #REF! | C10: =SQRT(((DVP!B10-1)*DVP!#REF!+(DVP!#REF!-1)*DVP!#REF!)/(B10-2)) -> #REF! | D10: =(DVP!E10-DVP!#REF!)/C10 -> #VALUE! | E10: =D10*(1-3/(4*B10-9)) -> #VALUE! | F10: =1/SQRT(B10) -> #REF! | G10: =D10-1.96*F10 -> #VALUE! | H10: =D10+1.96*F10 -> #VALUE!
A11: =DVP!A11 -> Estudo 10 | B11: =DVP!B11+DVP!#REF! -> #REF! | C11: =SQRT(((DVP!B11-1)*DVP!#REF!+(DVP!#REF!-1)*DVP!#REF!)/(B11-2)) -> #REF! | D11: =(DVP!E11-DVP!#REF!)/C11 -> #VALUE! | E11: =D11*(1-3/(4*B11-9)) -> #VALUE! | F11: =1/SQRT(B11) -> #REF! | G11: =D11-1.96*F11 -> #VALUE! | H11: =D11+1.96*F11 -> #VALUE!
